{
  "images" : [
    {
      "idiom" : "universal",
      "scale" : "1x"
    },
    {
      "idiom" : "universal",
      "scale" : "1x",
      "appearances" : [
        {
          "appearance" : "luminosity",
          "value" : "dark"
        }
      ]
    },
    {
      "idiom" : "universal",
      "filename" : "ico_2@2x.png",
      "scale" : "2x"
    },
    {
      "idiom" : "universal",
      "filename" : "chat_initiate@2x.png",
      "appearances" : [
        {
          "appearance" : "luminosity",
          "value" : "dark"
        }
      ],
      "scale" : "2x"
    },
    {
      "idiom" : "universal",
      "filename" : "ico_2@3x.png",
      "scale" : "3x"
    },
    {
      "idiom" : "universal",
      "filename" : "chat_initiate@3x.png",
      "appearances" : [
        {
          "appearance" : "luminosity",
          "value" : "dark"
        }
      ],
      "scale" : "3x"
    }
  ],
  "info" : {
    "version" : 1,
    "author" : "xcode"
  }
}